{"version":"2.0","name":"XPERIA","isDark":false,"backgroundColor":-3487027,"barColor":-1118482,"keyboardColor":-3487027,"keyBackgroundColor":-986896,"keyTextColor":-14606047,"altKeyBackgroundColor":-10658207,"altKeyTextColor":-16777216,"accentKeyBackgroundColor":-10658207,"accentKeyTextColor":-460552,"keyPressHighlightColor":-4922406,"keyShadowColor":-389362995,"popupBackgroundColor":-1118482,"popupTextColor":-16777216,"spaceBarColor":-986896,"dividerColor":528317821,"clipboardEntryColor":-1,"genericActiveBackgroundColor":-3487027,"genericActiveForegroundColor":-268435456,"backgroundImage":null}